{
  "created_at_utc": "2026-04-05T07:33:16.375552Z",
  "stage": "q1",
  "seed": 42,
  "k_hop_star": 2,
  "k_mil_star": 1,
  "tau_star": 0.4761972521954345,
  "tau_per_relation": null,
  "graph_static": {
    "k_hop_star": 2,
    "k_budget": 2,
    "coverage_quantile": 0.95,
    "D_quantiles": {
      "0.9": 1,
      "0.95": 2,
      "0.99": 2
    },
    "D_samples": 208,
    "total_gold": 224,
    "gold_with_evidence": 223,
    "unreachable_gold_with_evidence": 15,
    "avg_degree": 4.031914893617022,
    "branching_factor_b": 3.0691489361702127,
    "node_budget": 15
  },
  "ds_mil": {
    "method": "mixture_2beta_em",
    "k_mil_star": 1,
    "q_threshold": 0.5,
    "q_rank": {
      "1": 0.43003000096777316,
      "2": 0.4393622434556454,
      "3": 0.5264200792602378,
      "4": 0.6024096385542169,
      "5": 0.6296296296296297,
      "6": 0.6111111111111112,
      "7": 0.6363636363636364,
      "8": 0.42857142857142855,
      "9": 0.3333333333333333,
      "10": 0.3333333333333333
    },
    "q_rank_smooth": {
      "1": 0.43003000096777316,
      "2": 0.43003000096777316,
      "3": 0.43003000096777316,
      "4": 0.43003000096777316,
      "5": 0.43003000096777316,
      "6": 0.43003000096777316,
      "7": 0.43003000096777316,
      "8": 0.42857142857142855,
      "9": 0.3333333333333333,
      "10": 0.3333333333333333
    },
    "total_by_rank": {
      "1": 227326,
      "2": 17687,
      "3": 1514,
      "4": 249,
      "5": 54,
      "6": 18,
      "7": 11,
      "8": 7,
      "9": 6,
      "10": 6
    },
    "overlap_docs": 0,
    "total_bags": 227326,
    "max_rank": 10,
    "docs_used": 20000,
    "bags_used": 227326,
    "scores_used": 246916,
    "dropped_type": 47759,
    "mixture": {
      "pi_signal": 0.43153947091318506,
      "a_pos": 44.07320426556692,
      "b_pos": 41.6094732642055,
      "a_neg": 0.0009989989999999998,
      "b_neg": 998.9980010009999,
      "mean_pos": 0.5143770658923756,
      "mean_neg": 1e-06,
      "n": 246916
    }
  },
  "threshold_global": {
    "pi": 0.004541666666666667,
    "pos_mean": 0.4977758313537738,
    "pos_var": 0.0005582508003365572,
    "neg_mean": 0.4976017547079869,
    "neg_var": 0.0007980444603271075,
    "a_pos": 222.41546549877071,
    "b_pos": 224.40306503108545,
    "a_neg": 155.38040111930272,
    "b_neg": 156.87814630178968,
    "solver": {
      "tau_star": 0.4761972521954345,
      "method": "fixed_point_bisection",
      "fbeta": 0.00953982977040143,
      "posterior_at_tau": 0.004769912790889525,
      "pi": 0.004541666666666667,
      "beta": 1.0,
      "a_pos": 222.41546549877071,
      "b_pos": 224.40306503108545,
      "a_neg": 155.38040111930272,
      "b_neg": 156.87814630178968
    },
    "calibration_docs_used": 10,
    "calibration_pairs_used": 250,
    "pos_cnt": 109.0,
    "neg_cnt": 23891.0
  },
  "threshold_per_relation_details": null,
  "budget_note": "DocREDGraphBuilder truncates subgraph nodes to 15 when exceeded; analysis uses node_budget to derive k_budget."
}